customer_id,customer_name,email,country,sales
1,Allen Carter,meyerbrian@example.com,Turkey,4355.63
2,Travis Powell,shauncobb@example.net,Haiti,1588.72
3,Ashley Fields,rebecca72@example.org,Chile,1453.97
4,Alan Bridges DDS,andresgriffin@example.org,Guinea-Bissau,2756.11
5,Mikayla Shields,john69@example.org,Mali,3580.01
6,Douglas Brock,wfarley@example.net,Micronesia,878.67
7,William Lee,sellis@example.com,Reunion,536.77
8,Brandi Higgins,donald13@example.org,Nepal,706.43
9,Eric Booker,jessicaayala@example.org,Korea,3523.51
10,Christopher Wright,claytonperez@example.net,Haiti,2827.85
11,David Gutierrez,isnyder@example.net,Cote d'Ivoire,3096.92
12,Christina Adams,colton48@example.net,Heard Island and McDonald Islands,1437.2
13,David Salazar,randallgreen@example.net,Denmark,731.88
14,Christine Ortiz,jjohnson@example.com,British Indian Ocean Territory (Chagos Archipelago),3601.05
15,Dawn Smith,jorge42@example.net,New Zealand,1895.96
16,Kevin Moyer,traviswalter@example.net,Mexico,4143.27
17,Angela Clark,johnbrown@example.net,Bangladesh,1470.31
18,Stacey Thompson,catherinemitchell@example.net,Ghana,2760.35
19,Alexis Webb,thomascruz@example.net,Bhutan,4921.0
20,Karla Lopez,guerrerosheryl@example.net,Latvia,2132.57
21,Kelly Gordon,hernandezmichael@example.org,Malta,1753.79
22,Stephanie Park,james93@example.net,Svalbard & Jan Mayen Islands,3266.42
23,Tara Lopez,boothbrittany@example.org,Kyrgyz Republic,3856.35
24,Kaitlyn Barry,walter00@example.net,Korea,4307.31
25,Kenneth Bates,smithrobin@example.com,Kenya,1910.81
26,Steve Turner,dakotarobinson@example.org,Comoros,4621.31
27,Julie Baker,greeneadam@example.org,Cambodia,4631.69
28,Kristin Morris,dhoffman@example.org,Turkey,2235.53
29,Caitlin Fisher,tlee@example.org,Venezuela,1712.56
30,Erica Walker,karen92@example.net,Jersey,1705.88
31,April Murphy,kristimoore@example.com,Sudan,3571.36
32,Mr. Joshua Miller,ruizmaria@example.org,Dominican Republic,4264.01
33,Ann Richards,beankathleen@example.org,Palau,4015.45
34,Denise Long,carolmartinez@example.org,Micronesia,1488.12
35,Dana Harvey,herrerakenneth@example.com,Palau,3297.51
36,Renee Fitzpatrick,elizabeth34@example.com,Lebanon,694.37
37,Kelly Thompson,evanslisa@example.net,Lebanon,2462.94
38,Derek Ortiz,jerryvega@example.net,Lao People's Democratic Republic,799.06
39,Michael Lin,atkinscarol@example.com,Croatia,4063.16
40,Kyle Campbell,davidhowell@example.org,Greece,456.63
41,Eric Stanley,richtimothy@example.net,New Caledonia,4068.89
42,Justin Weber,joneskara@example.net,Moldova,4641.64
43,Todd Clay,yperez@example.net,British Indian Ocean Territory (Chagos Archipelago),4263.53
44,Cheryl Wise,jocelyn02@example.org,Ecuador,2271.22
45,Ryan Lambert,fowleraaron@example.com,Guam,1697.64
46,Anne Massey,melissa22@example.com,Vanuatu,4348.48
47,Sheryl Macias,elizabeth61@example.com,Liberia,4456.29
48,Robert Paul,ana77@example.net,Botswana,4883.75
49,Christopher Ford,vclark@example.com,Rwanda,2719.7
50,Matthew Alexander,crystalthomas@example.org,Netherlands Antilles,3479.95
51,Jasmine Harrington,mwyatt@example.com,Slovenia,1167.06
52,Alan Reynolds,mariabarker@example.org,Niger,677.73
53,Alejandro Vaughn,normanrachel@example.net,Uzbekistan,3901.22
54,John Arnold,sarahwilkinson@example.org,Russian Federation,896.8
55,William Howard,burnspatrick@example.net,Tuvalu,897.68
56,Elizabeth Johnson,michaeldavenport@example.net,Ukraine,4697.75
57,Kathryn Sanchez,reneeyoung@example.com,Switzerland,4486.36
58,Tammy Lynch,andrewprice@example.com,Slovakia (Slovak Republic),3105.53
59,Amber Mccormick,jessica87@example.com,Lebanon,1153.98
60,Edward Henry,obryant@example.com,Haiti,2052.02
61,Patrick White,alexanderdaniel@example.org,Syrian Arab Republic,1653.7
62,George Ward,chamberscourtney@example.net,Congo,2697.5
63,Nicholas Parrish,wwarner@example.net,Saint Vincent and the Grenadines,2190.71
64,Kyle Stephens,singletondavid@example.net,Greenland,2220.82
65,Carla Miller,qbrewer@example.net,Mali,1607.64
66,Ryan Blair,vreynolds@example.net,Saint Helena,4136.58
67,Kari Brennan,jeffreyjones@example.com,Brunei Darussalam,3805.67
68,Brianna Jones MD,bonnie77@example.com,Kuwait,4457.17
69,Shannon Miller,jonesnicholas@example.org,Malta,503.75
70,Mr. Erik Edwards,yrios@example.com,Isle of Man,3009.41
71,Amanda Henderson,alyssa17@example.com,Heard Island and McDonald Islands,1196.35
72,Jeffrey Lee,smithrichard@example.com,North Macedonia,4956.49
73,Keith Hardin,xday@example.net,Ecuador,2253.31
74,Mariah Jones MD,ostokes@example.com,Svalbard & Jan Mayen Islands,3125.39
75,Jonathan Lopez,stephanie95@example.com,Guadeloupe,490.12
76,Andrew Cox,bayers@example.org,Peru,1448.53
77,Kristina Decker,jkidd@example.org,Malaysia,1465.5
78,Joseph Farmer,ecrawford@example.net,New Zealand,481.14
79,Kelly Dunlap,amy95@example.net,Bhutan,4249.87
80,William Flores,krista19@example.net,Nepal,3526.17
81,Jessica Martin,hobbschase@example.com,Gabon,4699.34
82,Maria Perez,wandasanchez@example.org,Guadeloupe,2792.79
83,Kenneth Harvey,heidiyoder@example.org,Christmas Island,1587.85
84,Mason Frye,jordansarah@example.net,Brazil,529.81
85,Bianca Yates,sara36@example.net,Lithuania,2031.77
86,Tammy Young,hannah88@example.com,France,622.19
87,Christy Cooper,allenmargaret@example.org,Congo,4818.06
88,Tiffany Duffy MD,emilyhernandez@example.net,Cyprus,3296.11
89,Brent Sutton,ericwilliams@example.com,South Africa,1006.38
90,Nicole Kirk,cooleyrebecca@example.com,Eritrea,2861.07
91,Samantha Adams,katelynwright@example.net,Zambia,1051.91
92,Christopher Davis,coopercharles@example.org,Guinea,3669.51
93,Charles Baker,smithgregory@example.com,Azerbaijan,1890.79
94,Amber Brewer,kcarroll@example.com,Greenland,3470.57
95,Hector Keller,griffithdavid@example.net,Dominica,1629.88
96,Andrew Martin,cnguyen@example.com,Cook Islands,444.52
97,Mrs. Lori Sanders,jennifer01@example.com,Eritrea,3172.55
98,Eric Owens,judymccoy@example.net,Nepal,2155.01
99,Elizabeth Anderson,cabreraemily@example.org,Portugal,328.52
100,Sarah Miller,rpage@example.net,United Arab Emirates,3976.01
101,Emily Wilson MD,mary55@example.org,Jamaica,4174.36
102,Christine Burgess,whiteheather@example.com,Mali,2438.32
103,Kyle Edwards,sethcurry@example.com,Swaziland,2423.24
104,Andre Wilson,pcobb@example.net,Djibouti,3057.72
105,Tami Butler,serranojessica@example.net,Peru,3368.31
106,Nicholas Joyce,jessica60@example.net,United States Virgin Islands,3369.17
107,Kelly Huffman,kelly28@example.org,Dominica,4467.42
108,Julie Herman,rodneyscott@example.net,Germany,3588.4
109,Lauren Morgan,stephanie52@example.net,Germany,2024.65
110,Terry White,johnsonjohn@example.com,Reunion,4675.48
111,Elizabeth Phelps,frychristopher@example.org,Micronesia,558.64
112,Eric Murphy,scottdebra@example.com,Slovenia,3702.9
113,Corey Brown,jennifer37@example.net,Mayotte,1372.08
114,John Robinson,xsmith@example.com,Mali,3132.05
115,Kyle Tran,ejackson@example.com,Papua New Guinea,4310.28
116,Martha Velez,lsexton@example.net,Bolivia,4433.34
117,Dr. Edgar Vance Jr.,sanchezshawn@example.com,Brunei Darussalam,617.48
118,Rose Romero,barronjustin@example.net,Germany,4999.63
119,Paul Saunders,troy61@example.com,French Polynesia,2764.59
120,Casey Walker,rebeccapreston@example.org,Luxembourg,2309.23
121,David Cobb,kylemcintyre@example.org,Madagascar,4959.64
122,James Williams,hhamilton@example.com,Guyana,3276.56
123,Ian Wise,nraymond@example.net,Luxembourg,736.78
124,Crystal Rodriguez,tracy63@example.org,Cameroon,4337.52
125,Dennis Coleman,fgutierrez@example.net,Saudi Arabia,2719.05
126,Anne Foster,spencetyler@example.net,Palestinian Territory,3780.86
127,Jill Ferguson,utownsend@example.org,Peru,404.56
128,Emily Pacheco,dudleygregory@example.org,France,3963.8
129,Jaime Wilson,vruiz@example.com,Estonia,2891.22
130,Katie Case,judy01@example.com,Anguilla,4547.49
131,Annette Byrd,qdavis@example.net,Burkina Faso,1935.11
132,Dominic Anderson,kimberly44@example.com,Nauru,2593.7
133,Tina Boyer,susan42@example.com,Tonga,3729.59
134,Michelle Gomez,jessica76@example.org,Haiti,2564.67
135,Dr. Mario Leon MD,timothy92@example.com,Kenya,1155.68
136,Jonathan Padilla,tyler85@example.org,Niger,2130.68
137,Mark Garcia,erowe@example.net,Tonga,2213.31
138,Caleb Moore,omeadows@example.org,Liberia,3015.46
139,Russell Baird,mmelendez@example.org,Saint Helena,3952.1
140,Sheryl Brock,nharris@example.com,Nicaragua,490.58
141,Jacob Reyes,ggregory@example.org,Rwanda,4017.97
142,Susan Carpenter,aguirrenicholas@example.org,Honduras,3310.34
143,Kenneth Harrell,brownsusan@example.net,Guinea,4573.28
144,Edward Bridges,johnstonchristopher@example.com,Malaysia,1855.46
145,Luke Hernandez,anthonyneal@example.com,Israel,2352.17
146,Jacqueline Cochran,sarah44@example.com,Brazil,1081.73
147,Omar Hill,toddtyler@example.com,Albania,2246.94
148,Katherine Perez,ehunt@example.org,Svalbard & Jan Mayen Islands,4853.97
149,Danny Phillips,jwalker@example.com,Nicaragua,750.73
150,Connie Kelly,coxlisa@example.com,Croatia,3180.5
151,Sarah Duncan,padillachristopher@example.org,Peru,1780.24
152,Sherry Cantu,choipatrick@example.net,Uruguay,1095.84
153,Sarah Carlson,bianca86@example.com,Egypt,3323.79
154,Christopher Sanders,williamsstephen@example.net,Bouvet Island (Bouvetoya),564.3
155,Michelle Watson,ystone@example.org,French Polynesia,409.15
156,James Erickson,jeremy01@example.org,Comoros,4234.22
157,Leslie Evans,stevenjohnson@example.net,Mozambique,1954.32
158,Ian Silva,pturner@example.org,Mongolia,899.19
159,Vicki Little,alyssa79@example.org,Eritrea,4347.93
160,Michelle Mcknight,peter22@example.net,Turks and Caicos Islands,2271.93
161,Donna Rivera,brittanyschneider@example.com,Andorra,345.33
162,Jeffrey Costa,christopher09@example.org,Denmark,3956.43
163,Katie Brown,vhernandez@example.net,Swaziland,113.73
164,Jessica Bailey,royjohnson@example.net,Jordan,2544.02
165,Traci Munoz,ronald02@example.net,Nauru,2298.92
166,Kara Moran,amycooper@example.net,Burkina Faso,1749.67
167,Christine Mcintosh,michael11@example.org,Norfolk Island,221.17
168,Lori Moore,josegreen@example.net,French Southern Territories,3582.19
169,Garrett Howard,tracieflores@example.net,Finland,781.05
170,Christopher Patterson,ganderson@example.net,Guyana,112.16
171,Bradley Allen,vbartlett@example.net,Hong Kong,2147.92
172,Monica Maxwell,nicholasfisher@example.org,Benin,1798.51
173,Michael Williams,kenneth33@example.net,Moldova,4102.24
174,Gary Turner,karenreed@example.net,Moldova,212.66
175,Amber Tate,peter12@example.org,Sao Tome and Principe,2173.18
176,Joseph Bryant,alicia02@example.com,Guatemala,4156.0
177,Anthony Willis,rcooley@example.org,San Marino,3609.88
178,Laura Brown,uchurch@example.org,Svalbard & Jan Mayen Islands,775.53
179,Joseph Armstrong,ibowen@example.net,Mozambique,4580.94
180,Brian Davis,manderson@example.net,Afghanistan,724.17
181,David Ross,phelpsdanielle@example.org,Kazakhstan,3193.83
182,Madison Mccall,millerbrianna@example.org,Korea,3998.38
183,Gregory Andersen,shannonmartinez@example.org,Venezuela,2561.81
184,Tyler Park,cwells@example.org,Kiribati,3779.93
185,Victoria Wong,brandon64@example.net,Guadeloupe,4911.19
186,Shaun Hunt,ichavez@example.net,Grenada,4401.12
187,Shelia Deleon,smithmichael@example.org,Indonesia,2921.24
188,Barbara Salazar,rcarter@example.com,Syrian Arab Republic,1069.5
189,Allison Walker,wayne25@example.com,Kazakhstan,4311.01
190,Samuel Allen,kelly21@example.net,Madagascar,4845.17
191,Norma Roberts,dannyvaldez@example.com,Bahamas,4825.7
192,Sharon Crane,cindycarson@example.net,Djibouti,2778.88
193,Alex Carson,michael85@example.net,Niue,3391.21
194,Brandon Anderson,virginia96@example.org,Antarctica (the territory South of 60 deg S),3546.19
195,Robert Downs,johnrosario@example.net,Morocco,2016.58
196,Kaylee Wheeler,vperez@example.net,Bhutan,1410.17
197,Jonathon Washington,michael25@example.net,Faroe Islands,345.04
198,Mallory Shannon,barnettcatherine@example.org,French Guiana,1942.96
199,Anthony Smith,qlamb@example.com,Yemen,3028.81
200,Melissa Perez,hurleyjonathan@example.com,Yemen,251.15
201,Charles Mendoza,erichardson@example.com,Ireland,2889.62
202,Katherine Black,elizabethcarr@example.net,Tunisia,610.82
203,Paula Bell,victoria14@example.org,Austria,378.24
204,Pamela Douglas,jeffreymoore@example.org,Netherlands Antilles,519.13
205,Anita Mills,ncarter@example.net,Austria,232.57
206,Kimberly Coleman,april23@example.org,Ukraine,4027.31
207,Ricardo Campbell,dlane@example.com,Germany,1328.81
208,Joe Bailey,brooke40@example.com,Guyana,3618.03
209,Kayla Rivas,zbruce@example.com,Iraq,4102.57
210,Paula Contreras,bradpierce@example.net,Saint Vincent and the Grenadines,3012.17
211,Alexandria Reyes,sbyrd@example.org,United States Virgin Islands,4187.77
212,Jessica Jacobs,christopher47@example.net,Sudan,218.55
213,Philip Anderson,goodtaylor@example.org,Libyan Arab Jamahiriya,3205.62
214,Joseph Evans,kristaprice@example.org,Netherlands,706.25
215,Samantha Friedman,gina09@example.org,Saint Kitts and Nevis,130.41
216,Kenneth Morris,stephaniesmith@example.net,Comoros,2194.69
217,Jill Velasquez,joseph93@example.com,Monaco,4332.93
218,Bradley Travis,wilkinsonmadison@example.com,Fiji,4350.54
219,Kiara Hall,mccoymegan@example.net,Kiribati,166.19
220,Bradley Oliver,rebecca65@example.com,Congo,1841.01
221,Melissa Travis,weaverjamie@example.org,Maldives,1074.12
222,Mrs. Patricia Stevens,jefferythompson@example.net,Azerbaijan,928.91
223,Joshua Williams,shelbytorres@example.com,South Georgia and the South Sandwich Islands,3151.65
224,Isaac Alvarez,william68@example.net,Zambia,2669.27
225,Denise Mccarthy,grant20@example.net,Bhutan,3573.64
226,Jackie Robertson,joshuachavez@example.net,Jamaica,1463.63
227,Heidi Wheeler,elizabethmiller@example.org,American Samoa,1258.0
228,Cassandra Jones,tramos@example.net,Cote d'Ivoire,797.18
229,Diana Burton,lindamoreno@example.net,Antarctica (the territory South of 60 deg S),2481.27
230,Brianna Stuart,wcardenas@example.net,Cote d'Ivoire,1886.09
231,Mitchell Bradshaw,crobinson@example.org,Portugal,4920.53
232,Anthony Davis,olevy@example.net,Switzerland,584.11
233,Brandon Vega,edward44@example.com,Mozambique,3646.52
234,Eric Mclean,wflores@example.org,Ecuador,2746.13
235,Robert Ortiz,kjohnson@example.net,Falkland Islands (Malvinas),1444.4
236,Carl Parks,zimmermannathan@example.com,Fiji,658.8
237,Anthony Ibarra,brent64@example.org,Fiji,794.76
238,Elizabeth Sexton,ldickerson@example.net,Armenia,1343.15
239,Daniel Orozco,kara92@example.org,French Polynesia,4545.56
240,Robert Riley,patrick59@example.net,Montserrat,2109.52
241,Scott Stone,sandrahansen@example.org,Iceland,4739.82
242,Richard Gardner,tamara98@example.org,Saint Lucia,3303.76
243,Lawrence Walker,james83@example.com,French Polynesia,4454.2
244,Gregory Roberts,fosterlaura@example.com,Palau,3696.69
245,Mark Russo,hbrown@example.org,Lebanon,4846.01
246,Donald Lee,romerorobert@example.com,Samoa,4429.43
247,William Martin,johnsonjoshua@example.org,India,3137.86
248,Jessica Johnston,anthony45@example.com,Chad,1002.51
249,Judy Martin,valentinechristopher@example.org,Saint Lucia,3709.94
250,Todd Hensley,fmcgee@example.com,Kazakhstan,452.41
251,Taylor Wood,jasminescott@example.net,Timor-Leste,3934.37
252,Samantha Conner,jeffrey94@example.net,Tokelau,4363.55
253,Thomas Martin,anthonywallace@example.org,Portugal,171.78
254,Alec Roberts,patricklee@example.com,Honduras,4518.58
255,Susan Campbell,kyle19@example.net,Yemen,2812.44
256,Shirley Summers,davidsmith@example.com,Senegal,2512.23
257,Dr. Christian Graves,ramirezseth@example.com,Germany,2770.95
258,Dr. Craig Allen DDS,emilyanderson@example.com,Lithuania,2240.85
259,Stephen Walton,juliejohnson@example.org,Ireland,4942.11
260,Charles Hardy,hoganabigail@example.org,Faroe Islands,4895.61
261,Sheila Ross,loganlinda@example.net,Sao Tome and Principe,3456.91
262,Robin Garner,tristanlevine@example.org,Eritrea,2738.8
263,Adam Hayes,xestrada@example.net,Guadeloupe,3446.4
264,Ryan Wright,gallaghermatthew@example.org,Belarus,1742.16
265,Jon Mejia,bobbyhowell@example.net,Micronesia,1275.75
266,Harry Glass,lynchtiffany@example.com,Eritrea,3390.92
267,Brandon Allen,fhanson@example.com,Anguilla,2950.15
268,Robert Stewart,julie31@example.net,Tanzania,2062.81
269,Jason Cook,ashleyoneill@example.org,Christmas Island,1589.43
270,Dennis Bennett,christophermckee@example.org,Qatar,763.41
271,Jonathan Brown,ygutierrez@example.org,Panama,1620.96
272,Jennifer Hart,xoliver@example.org,Singapore,4201.35
273,Joseph Mason,nicole58@example.com,Guinea,1693.89
274,Keith Martinez,nicholasbennett@example.org,Reunion,350.28
275,David Atkins,vcannon@example.org,Papua New Guinea,2049.32
276,Katherine Foster,maria20@example.net,Namibia,120.86
277,Barbara Bass,sanchezgabriella@example.com,Chad,251.11
278,Timothy Smith MD,harrisscott@example.net,Ukraine,1876.08
279,Kevin Wilson,ujones@example.org,Iran,4854.43
280,Amy Sparks,steven07@example.org,Tanzania,295.6
281,Joseph Hinton,irwinchristina@example.net,Fiji,2463.54
282,Robert Walker,wmason@example.org,Albania,4938.78
283,Robin Lane,chavezlaura@example.net,Suriname,3446.64
284,Evan Torres,lori10@example.net,Chad,4231.03
285,Emily Collins,knightjohn@example.net,Puerto Rico,415.63
286,Carol Salazar,fellis@example.net,Saint Lucia,1225.79
287,Colleen Townsend,aaron49@example.com,South Africa,3902.4
288,Daniel Rodriguez,kathy11@example.com,Botswana,4596.0
289,Allen Lee,whitejennifer@example.net,Madagascar,4984.6
290,Stephen Sanders,amandaporter@example.net,Qatar,4743.9
291,Nicole Green,andrewtravis@example.org,American Samoa,3857.9
292,Melanie Evans,tjuarez@example.net,Grenada,4859.62
293,Mackenzie Simpson,ywheeler@example.com,Uganda,2925.04
294,Paul Rivera,wellshannah@example.com,Luxembourg,245.05
295,Karen Brown,williamgibson@example.org,Guernsey,2904.76
296,Guy Davis,khampton@example.com,Serbia,4024.58
297,Alan Meadows,jenniferbanks@example.net,Uruguay,4591.21
298,Maria Moore,ypeterson@example.com,Rwanda,1323.69
299,Michael Harding,christine48@example.org,Ireland,3547.8
300,Danny Walters,spearsdaniel@example.net,Niger,3834.52
301,Gina Watts,rosekatherine@example.net,Norway,4441.42
302,Christopher Pena,ygeorge@example.com,Saint Helena,400.74
303,Valerie Weaver,geoffreywheeler@example.org,Croatia,2053.36
304,Amy Nelson,cookmary@example.net,Cook Islands,2837.85
305,Daniel Morgan,staylor@example.com,Cambodia,1836.39
306,Edward Brown,amydavies@example.net,Faroe Islands,1171.3
307,Elizabeth Baker,deborah86@example.org,Saudi Arabia,4911.14
308,Melanie Greene,katrinaochoa@example.net,Taiwan,4051.25
309,Shelly Ewing,richardbrown@example.net,New Zealand,2769.68
310,Sharon Mills,tyler18@example.org,Iran,4909.48
311,Laura Meadows,deborahshaffer@example.net,Fiji,2692.31
312,Danielle Reyes,nicole83@example.org,Nepal,467.22
313,Kylie Torres,wenglish@example.com,Estonia,1292.32
314,Cynthia Johnson,acevedojonathan@example.net,Australia,476.92
315,Dr. Christine Love,marshmatthew@example.net,Armenia,2299.01
316,Parker Riddle,hpacheco@example.net,Estonia,856.61
317,Diane Rodriguez,kweaver@example.net,Saint Barthelemy,1589.06
318,Zachary Mccoy,jonathan17@example.net,Svalbard & Jan Mayen Islands,1922.75
319,Christian Santana,blackwilliam@example.com,Tuvalu,3675.54
320,Donna Booker,markbush@example.net,Indonesia,1166.88
321,Johnathan Harmon,cynthia14@example.org,Anguilla,4871.54
322,Trevor Haley,warrenanthony@example.net,Liechtenstein,4018.94
323,Daniel Kirby,terrellhayley@example.com,Palestinian Territory,3187.81
324,Matthew Walker,arnoldalexa@example.org,New Caledonia,3736.42
325,Dennis Martin,lmcfarland@example.com,Western Sahara,1024.25
326,Jonathan Ashley,clane@example.net,Saint Vincent and the Grenadines,2809.42
327,Randall Montoya,franciscoclark@example.net,Russian Federation,2603.92
328,Julie Collins,andrew01@example.com,Antigua and Barbuda,3239.64
329,Kenneth Lamb,tphillips@example.com,Oman,2981.41
330,Tammy Taylor,anita00@example.com,Western Sahara,4906.03
331,Brandon Roberts,ysanchez@example.org,Kyrgyz Republic,719.47
332,Jonathan Johnson,callahancarrie@example.org,Moldova,3322.78
333,Monique Gonzalez,riverslarry@example.org,Mayotte,2147.34
334,Tyler Combs,shannon99@example.org,Israel,4620.29
335,Gary Anderson,benjamin72@example.net,Netherlands,3187.46
336,Stephen Adams,turnerlaurie@example.org,Azerbaijan,3589.8
337,William Wood,tlane@example.com,Falkland Islands (Malvinas),2182.48
338,Jeffrey Allen,ucooper@example.org,Costa Rica,1872.5
339,Dustin Brown,tromero@example.org,Finland,165.29
340,Melanie Hughes,russell80@example.org,Greenland,1256.23
341,Nathan Wright,smarshall@example.com,Argentina,2284.55
342,Paul Henderson,westphilip@example.org,Sudan,3984.95
343,Mrs. Debra Johnson,christina25@example.org,Anguilla,3914.2
344,Tracy Lewis,georgejoseph@example.org,New Zealand,1229.8
345,Brandy King,hansonjoseph@example.org,Serbia,4177.82
346,Jason Galvan,stacyfuentes@example.org,Jordan,3417.33
347,Keith Pacheco,csullivan@example.com,Burundi,2599.82
348,Kimberly Lopez,matthewwalker@example.org,Puerto Rico,2213.42
349,Alex Peterson,rachel36@example.com,France,1636.19
350,Robert Bailey,frodriguez@example.com,Saudi Arabia,132.28
351,Andrew Garcia,robertgonzalez@example.org,Micronesia,4135.73
352,Kathryn Valdez,joycecollier@example.org,Barbados,1360.28
353,Mary Wallace,kaitlin57@example.com,Jamaica,2128.89
354,Michael Medina,josephanthony@example.com,Cameroon,1005.96
355,Amanda Ellison,donald09@example.org,Gambia,2321.08
356,Rhonda Garcia,ylozano@example.com,Bangladesh,420.4
357,Jason Oliver,jennifer58@example.com,Madagascar,3440.89
358,Joseph Gonzalez,ygreen@example.net,Micronesia,534.49
359,Terry Sanchez,ugolden@example.com,Malta,499.72
360,Robert Cook,carterleslie@example.net,New Zealand,3168.0
361,Mark Ramirez,schneiderleon@example.org,Holy See (Vatican City State),3336.42
362,Michelle Robinson,djones@example.net,Mali,605.79
363,Jill Orozco,jeremy35@example.com,El Salvador,3451.74
364,Thomas Baker,wanda88@example.com,Montenegro,347.13
365,Matthew Moran,leonsanchez@example.net,Niger,4492.87
366,Erin White,johnwilliams@example.net,United Kingdom,4092.37
367,Larry Lambert,fwalker@example.com,Uzbekistan,1227.55
368,Lisa Collins,pwood@example.org,Tajikistan,3802.76
369,Richard Turner,kaylafranco@example.net,Spain,2713.7
370,Nicole Ramirez,jeffersonnicholas@example.net,New Zealand,4579.69
371,Mark Miller,larry26@example.net,Tonga,3269.95
372,Joseph Christensen,grahamlisa@example.com,Serbia,3458.3
373,Diana Carrillo,jeffrey50@example.net,Palestinian Territory,4351.47
374,Stephen Wheeler,courtney34@example.com,Bahamas,612.24
375,Antonio Deleon,spencercameron@example.net,Latvia,2523.76
376,William Mendez,christinaperez@example.org,Gibraltar,2813.21
377,Alyssa Duncan,bryanpratt@example.net,Togo,3041.84
378,Tiffany Campbell,vmolina@example.org,Liechtenstein,367.21
379,Darrell Kane,perrysarah@example.org,Micronesia,2119.1
380,Caitlin Johnson,cortezcharles@example.com,Gabon,2616.99
381,Holly Wheeler,woodwardjennifer@example.net,Slovenia,2841.69
382,Linda Munoz,jgross@example.net,Netherlands Antilles,3318.12
383,David Medina,youngsteven@example.org,Tanzania,3164.24
384,Leslie Smith,poncesuzanne@example.net,Saint Kitts and Nevis,1367.82
385,Jacob Lawrence,jennifer74@example.org,Guadeloupe,2662.94
386,Jeffrey Hatfield,grobinson@example.org,Madagascar,3007.63
387,Dana Mckenzie,barkersteve@example.com,Maldives,1098.05
388,Bryan Harvey,daleolsen@example.org,Grenada,4873.12
389,John Roberts,floresjacob@example.net,Jersey,4579.15
390,Mark Shelton,michele06@example.net,Nicaragua,2046.82
391,Anthony Gonzalez,carlos34@example.net,Grenada,2057.25
392,Susan Hamilton,robertbrady@example.net,South Georgia and the South Sandwich Islands,1858.81
393,Andre Robinson,marcusevans@example.org,Pitcairn Islands,2810.2
394,James Shaw,josephsilva@example.org,Germany,3116.93
395,Marie Stewart,huffmanfrances@example.com,Romania,2001.03
396,Patrick Roberts,justin38@example.com,Reunion,4020.1
397,Gary Benson,bbutler@example.org,Western Sahara,1804.0
398,Gerald Harris,toddamber@example.com,Ecuador,2943.06
399,Stacey Campbell,wesley12@example.net,Estonia,2211.4
400,Jack Thomas,lindsey56@example.com,Senegal,3554.07
401,Erica Jones,uburton@example.net,Netherlands,1126.22
402,Denise Estes,derrick66@example.com,Saint Vincent and the Grenadines,3034.81
403,Michael Mcconnell,padillarachel@example.com,Kazakhstan,3357.77
404,Kim Barnes,donald53@example.com,Greece,4762.33
405,Frederick Davis,maddoxmichael@example.org,Germany,3593.75
406,Kimberly Coleman,jeffreyevans@example.net,Cambodia,4747.15
407,Hannah Snyder,jonesbrian@example.com,Nicaragua,3310.81
408,Kevin Ochoa,richardallen@example.com,Poland,2810.74
409,Melissa Oconnor,hammondkimberly@example.net,Montserrat,2946.44
410,Alexandria Willis,codymcclain@example.com,Malawi,1241.58
411,Terri Acevedo,mjohnson@example.net,Ethiopia,285.07
412,Lori Rodriguez,davidroberts@example.org,Brazil,438.74
413,John Lewis,tammy86@example.com,Burundi,2725.31
414,Jordan Robinson,ericagonzalez@example.com,Honduras,837.47
415,Tammy Boyle,sandra82@example.com,United Kingdom,2571.7
416,Eric Hill,theresaprince@example.net,Congo,4215.39
417,Kara Parsons,kcarter@example.com,Iceland,1848.45
418,Lori Boyer,tammie35@example.net,Suriname,2475.23
419,Dylan Duran,joshuaweber@example.com,Svalbard & Jan Mayen Islands,1227.38
420,Brian Garcia,wle@example.net,Libyan Arab Jamahiriya,1097.42
421,Tyler Alvarez,floresconnie@example.net,Uruguay,1341.24
422,Dawn Booth,dominicbaxter@example.net,Afghanistan,2521.56
423,Roberta Thomas,millerdonna@example.net,Iceland,3292.95
424,Derrick Warren,mbrooks@example.org,Angola,3728.11
425,Curtis Johnson,rachel89@example.com,Turks and Caicos Islands,4508.2
426,Daniel Washington,brandon48@example.org,Malta,4455.14
427,Kevin Garcia,leonjackson@example.net,French Guiana,1884.43
428,Mr. Andres Williams,bkrueger@example.com,Montserrat,3476.24
429,Ashley Pearson,georgejones@example.net,Sierra Leone,2316.37
430,Samuel Ruiz,ingramjohn@example.org,Hong Kong,4590.99
431,Matthew Martinez,melissajones@example.org,Vietnam,2500.5
432,Gerald Dudley,oadams@example.net,Tajikistan,312.33
433,Alexander Downs,fquinn@example.net,Brazil,1593.98
434,Andrea Brown,nicolelopez@example.net,Romania,633.49
435,Shelley Farrell,wrightkara@example.net,Swaziland,3536.02
436,David Howard,tjones@example.org,Iraq,3320.28
437,Michelle Orozco,berrykari@example.org,Equatorial Guinea,1513.76
438,Linda Dawson,dawnmeza@example.com,Bahamas,3086.12
439,Stephanie Moore,ywalton@example.com,Colombia,4835.34
440,David Johnson,haydenrichard@example.net,Bolivia,4064.29
441,Kayla Perez,fanderson@example.org,Sudan,106.14
442,Susan Freeman,gwright@example.net,United States of America,4841.84
443,Joseph Anderson,simpsonvictor@example.com,Mali,839.46
444,Louis Garza,luismitchell@example.net,Benin,2037.84
445,Tara Dougherty,traviswright@example.net,Fiji,3266.59
446,Beverly Chavez,armstronggregory@example.org,Central African Republic,875.08
447,Latasha Barron DVM,wgraves@example.net,Finland,2644.35
448,Sara Howard,znelson@example.net,Sudan,1138.82
449,Olivia Obrien,heather37@example.org,Bangladesh,3113.28
450,Dean Smith,yscott@example.com,Bolivia,3981.12
451,Brett Hobbs,georgejohn@example.net,Montserrat,726.47
452,John Holland,stephanieclayton@example.org,Kyrgyz Republic,3949.63
453,Scott Lawrence,tanyamoore@example.com,Cyprus,3670.51
454,Meagan Brown,rdavis@example.net,Palestinian Territory,3185.5
455,Peter Silva,william54@example.com,New Zealand,1529.49
456,Christopher Scott,ellisjames@example.net,Nepal,2216.94
457,Michael King,taustin@example.com,Micronesia,3453.5
458,Philip Bishop,drichard@example.net,Macao,1936.02
459,Andrea Patel,igallegos@example.net,Cuba,3392.68
460,Brian Dennis,david88@example.com,Bulgaria,2393.71
461,Eduardo Rice,wwilson@example.net,New Zealand,2918.73
462,Gerald Gordon,joshua51@example.com,Kuwait,3735.17
463,Donna Lynch,michaelcooper@example.net,Djibouti,3039.59
464,Joseph Clark,jasongarcia@example.com,Uzbekistan,3776.87
465,Brenda Diaz,matthew06@example.com,Morocco,1421.98
466,Norma King,jacobdavis@example.org,Bosnia and Herzegovina,269.67
467,Hannah Lang,ushannon@example.org,Senegal,796.12
468,Jacqueline Malone,qmiller@example.org,Latvia,510.64
469,Jennifer Walton,tom96@example.org,Austria,4789.35
470,Pedro Wells,gunderwood@example.com,Honduras,2119.14
471,William Phillips,wagnermichael@example.org,Mozambique,694.99
472,Jeffrey Clayton,jimenezsara@example.com,Malaysia,1036.15
473,Thomas Becker,welchjennifer@example.org,American Samoa,697.53
474,William Hill,james30@example.com,Malawi,2718.08
475,Keith Ward,william98@example.net,Romania,322.59
476,Valerie Phillips,clarkhannah@example.net,South Georgia and the South Sandwich Islands,228.42
477,Charles Kelly,rachel28@example.org,Bahrain,3904.39
478,Janet Ross,annjarvis@example.com,Philippines,2504.62
479,Karina Brewer,kerry07@example.net,Isle of Man,124.63
480,Emily Weaver,bowersjoe@example.com,Uruguay,1303.95
481,Elizabeth Wagner,parkeramy@example.org,Lesotho,2305.29
482,Rebecca Dyer,emorgan@example.org,Guinea-Bissau,1219.97
483,Paul Martinez,ayersvicki@example.com,Venezuela,4186.76
484,Caroline Wood,dmarks@example.com,Lebanon,4970.21
485,Doris Olson,gonzalezelizabeth@example.net,Liechtenstein,1915.92
486,James Gonzalez,stantonjacqueline@example.com,Austria,4149.9
487,Teresa Hernandez,ycrawford@example.org,Guyana,1881.67
488,James Jimenez,rhondaprice@example.org,Nigeria,3402.96
489,Mr. Ryan Lee,sjones@example.net,Luxembourg,4787.55
490,Steven Wyatt,kristen45@example.net,Bulgaria,985.09
491,Shelley Spears,bailey84@example.com,Jersey,2663.36
492,Anna Clark,phillip48@example.com,Malawi,2486.23
493,Courtney Wood,rsimpson@example.org,Pitcairn Islands,1179.68
494,Michelle Mccormick,toddhatfield@example.net,Andorra,2179.08
495,Michael Lane,justinpreston@example.net,Brazil,413.33
496,Brooke Russell,scott23@example.com,Sweden,4111.55
497,Brittany Moreno,brownrichard@example.net,Grenada,621.23
498,Jennifer Cox,christopher18@example.com,Timor-Leste,4339.36
499,Jennifer Hoffman,brownsabrina@example.com,Haiti,1971.99
500,Kenneth Campbell,debbieking@example.com,Belgium,4025.94
501,Sabrina Ellis,dhughes@example.com,Morocco,4178.59
502,Zachary Allen,fsullivan@example.org,Canada,133.48
503,Renee Nguyen,christopherlane@example.com,Lao People's Democratic Republic,2944.58
504,Erika Wright,flee@example.com,Ecuador,1016.61
505,Timothy Tran,oking@example.com,Latvia,2847.08
506,Deborah Townsend,gabrielwilliams@example.net,Kuwait,2778.0
507,Ashley Abbott,xchaney@example.org,Luxembourg,2832.28
508,Joy Morales,martinezgavin@example.net,Gambia,1335.36
509,Denise Webb,wrightaaron@example.com,Belarus,1611.76
510,Ricky Walton,sotojessica@example.org,Christmas Island,1007.14
511,Dr. Jared Rose,lisastrickland@example.org,Svalbard & Jan Mayen Islands,2556.4
512,Marissa Carr,chelsea59@example.com,French Polynesia,2497.38
513,Elizabeth Williams,courtneythomas@example.net,Antigua and Barbuda,2799.16
514,John Wilson,swhite@example.org,Tunisia,1812.74
515,Keith Collins,david28@example.org,Gabon,1500.31
516,Katherine Reid,daltondavid@example.net,Guyana,410.69
517,Robert Harrington,jordan25@example.org,Ethiopia,2200.61
518,Douglas Rivers,bjohnson@example.com,Switzerland,4625.79
519,Glenda Hill,john68@example.com,Djibouti,4447.88
520,Katherine Heath,wilsontimothy@example.com,Taiwan,3587.72
521,Joe Sullivan,mrodriguez@example.net,Marshall Islands,3325.84
522,Bryan Rodriguez,amylevine@example.com,French Polynesia,146.64
523,Jennifer Stuart,kingwilliam@example.org,Rwanda,4509.65
524,Bruce Kennedy,paullawrence@example.com,Myanmar,1556.72
525,Jonathan Parker,juliethomas@example.org,Guinea,1211.49
526,Mrs. Samantha Williamson MD,ohill@example.net,Botswana,1401.58
527,Duane Dorsey,pamela39@example.net,Guadeloupe,4585.24
528,Melissa Anderson,ihenderson@example.com,Slovenia,3041.52
529,Christina Hammond,rhondagraves@example.com,Iran,456.13
530,Mary Martin,tammydyer@example.com,Gambia,4735.79
531,Paige Flynn,martinezangela@example.org,Lesotho,2716.72
532,Dr. Kristen Smith,btucker@example.org,Venezuela,507.58
533,Juan Flynn,erichernandez@example.com,Sao Tome and Principe,2842.88
534,David Roberson,jayshannon@example.net,United States Virgin Islands,3868.93
535,Robert Myers,reyeseugene@example.com,Cuba,188.14
536,Haley King,erica13@example.com,Jordan,1897.72
537,Robert Eaton,david36@example.org,Gabon,4221.26
538,Jordan Davila,zhoward@example.org,Netherlands,615.51
539,Billy Stevens,huntmichael@example.com,Portugal,3245.99
540,Elizabeth Miller,jonmckenzie@example.com,Austria,1870.68
541,Joshua Welch,meganfarmer@example.com,Indonesia,2789.84
542,Joseph Becker,darren85@example.net,Sweden,4544.97
543,Jennifer Reid,ldean@example.org,Zambia,3244.96
544,George Baldwin,galvansheila@example.net,Gibraltar,4791.38
545,Tom Pittman,mitchellfreeman@example.com,Vietnam,228.16
546,James Adkins,rogerarias@example.net,Aruba,4092.58
547,Willie Benjamin,edward75@example.org,Cameroon,3773.99
548,Tracy Lawrence,robert69@example.com,Martinique,3406.77
549,Lori Padilla,jolson@example.com,Korea,3274.15
550,Robert Fox,blairnatalie@example.net,Bouvet Island (Bouvetoya),1061.54
551,Craig Bryant,lindalang@example.net,Tonga,350.94
552,Elizabeth Smith,kimberlymanning@example.com,Uganda,3613.73
553,Nancy Brown,crawfordalexis@example.org,Jersey,2988.83
554,Brittany Evans,nancy07@example.org,Turks and Caicos Islands,4133.74
555,Brian Bishop,jeffreybarajas@example.com,Saudi Arabia,3694.14
556,Emily White,bgraves@example.com,Barbados,513.67
557,Amy Sanchez,stricklandkaren@example.org,Monaco,4660.19
558,Samuel Smith,zachary27@example.net,Timor-Leste,3696.46
559,Ashley Abbott,ibaldwin@example.org,Saudi Arabia,2378.08
560,Teresa Ward,kelseydavis@example.com,Tuvalu,2014.03
561,Cheyenne Johnson,lmiller@example.net,Bangladesh,3580.97
562,Maria Hall DVM,allisonjoseph@example.net,Congo,1671.99
563,Joseph Wilson,juanstevens@example.net,North Macedonia,4303.7
564,Kimberly Murphy,yolanda09@example.net,Guatemala,4915.3
565,Stephanie Riggs,shellywallace@example.com,Korea,4057.48
566,Marissa Sharp,tgonzalez@example.net,Western Sahara,4867.54
567,Joshua King,harveydouglas@example.org,Liechtenstein,4051.15
568,Tiffany Walker,anthony00@example.com,Burundi,3308.87
569,Jill Robinson,campbelljeffrey@example.net,Isle of Man,3517.76
570,Monica Sanchez,imorrison@example.org,French Polynesia,1729.95
571,Ashley Pena,kellymichael@example.net,Grenada,1300.82
572,Stephanie Adams,jared41@example.org,Myanmar,160.73
573,Mitchell Williams,wwalker@example.org,Sudan,3041.34
574,Andrew Hanson,kennethhanson@example.com,Guatemala,610.78
575,Luis Blackburn,stacey17@example.com,Panama,3352.58
576,Lisa Alvarez,christinagonzalez@example.com,Argentina,286.45
577,Scott Edwards,ccastro@example.org,Kiribati,2909.72
578,Aaron Griffith,bendermarcus@example.org,Equatorial Guinea,1820.92
579,Eric Williams,rpaul@example.com,Faroe Islands,4021.36
580,Stephen Harris,palmerbrian@example.com,India,4720.83
581,Dawn Garcia,gonzalesdylan@example.org,Liechtenstein,2234.74
582,Crystal Romero,kevin22@example.net,Denmark,318.49
583,Mr. John Walker Jr.,csanford@example.org,Myanmar,1586.49
584,James Wu,elijahhernandez@example.net,Czech Republic,2299.8
585,Alicia Banks,rosswilliams@example.com,Uganda,384.95
586,Vanessa Harvey,amandacook@example.org,Greenland,3184.31
587,James Mendoza,qadkins@example.com,Pakistan,2239.63
588,Tammy Welch,michellecurtis@example.org,Dominica,948.94
589,Luke Ward,jacksonjennifer@example.org,Sierra Leone,4586.08
590,Thomas Glenn,opena@example.com,Luxembourg,630.88
591,Kimberly Bond,vanessa05@example.net,Grenada,2218.95
592,Janice Wagner,rmcmahon@example.org,Mexico,3750.75
593,Todd Porter,mckeemitchell@example.com,Grenada,978.93
594,Krista Campbell,torresjacqueline@example.org,Nauru,2586.12
595,Gabriela Klein,nhull@example.org,Ukraine,925.28
596,Jeremiah Cortez,stephanieflynn@example.com,Argentina,3668.2
597,Michael Wilson,jared30@example.net,Ecuador,1687.27
598,Richard Valenzuela,jomunoz@example.org,Jordan,427.25
599,Beverly Hopkins,timothypotts@example.org,Bosnia and Herzegovina,4430.42
600,Charles Flores,zwilson@example.org,Wallis and Futuna,1999.09
601,Jennifer Gonzalez,nicole21@example.net,El Salvador,4403.27
602,Caitlin Warren,nbruce@example.org,Afghanistan,2012.59
603,Kristin Macdonald,fgibbs@example.org,French Southern Territories,1283.84
604,Dr. Nicholas Day,valdezjohnny@example.net,Mali,4154.86
605,Spencer Long,roy82@example.com,United Arab Emirates,3762.33
606,Molly Hatfield,bryan72@example.com,Fiji,4533.67
607,Michelle Moss,colekimberly@example.org,Cote d'Ivoire,658.7
608,Gwendolyn Best,victoriasteele@example.net,French Guiana,2263.23
609,James Perry,rebeccajames@example.com,Tonga,2841.31
610,Kimberly Padilla,rbutler@example.org,Jamaica,4921.63
611,Ann Thompson,rewing@example.com,Antigua and Barbuda,3037.53
612,Rachel Richard,thompsonchad@example.com,Montserrat,599.27
613,Kristi Whitaker,rachelnelson@example.com,Azerbaijan,3260.37
614,Dana James,jjacobs@example.net,Ecuador,4381.85
615,Chad Davis,kristylove@example.com,Uruguay,3852.87
616,Joseph Kline,dawncook@example.com,Falkland Islands (Malvinas),2551.12
617,James Christian,michellereyes@example.org,India,4466.36
618,Kelly Gregory,fritzchristopher@example.net,Wallis and Futuna,4043.28
619,Melanie Dixon,jgrant@example.net,Albania,2978.64
620,Micheal Santos,austinjuan@example.net,Saint Pierre and Miquelon,2624.29
621,Alexander Parsons,emmareynolds@example.org,Martinique,2501.01
622,Briana Graves,joekelly@example.net,Afghanistan,4310.94
623,Paul Mitchell,prasmussen@example.org,Eritrea,2932.73
624,Helen Smith,nelsonsandy@example.com,Belarus,4648.84
625,Jason Moon,vvega@example.com,Somalia,2624.87
626,Alexis Hart,barnesjennifer@example.com,Guinea,4475.99
627,Jacqueline Miller,hallglenda@example.com,Ukraine,2252.27
628,Maurice Rasmussen,fjackson@example.com,Bhutan,1031.42
629,Collin Jordan,sandra73@example.org,Iran,494.44
630,Chris King,derrickfrench@example.com,Maldives,3705.34
631,Nicole Edwards,milesjoseph@example.net,Yemen,4502.07
632,Richard Morales,pmadden@example.net,Venezuela,4383.9
633,Cheryl Morton,sullivansonya@example.net,Mali,1069.46
634,Jennifer Nichols,smithmichael@example.net,Barbados,3021.49
635,Jason Salazar,reginamcmahon@example.org,Niue,481.56
636,Roger Reynolds,kimberlybarnes@example.net,United States Virgin Islands,533.21
637,Pedro Mcintyre,etucker@example.com,Cuba,3365.72
638,John Scott,mark56@example.com,Thailand,425.03
639,Kenneth Simmons,lowejacob@example.com,Antarctica (the territory South of 60 deg S),3870.48
640,Phillip Orr,juliegeorge@example.org,Tanzania,2901.69
641,David Morgan,kurt03@example.org,Isle of Man,3391.5
642,Ian Thompson,leedavid@example.com,Mongolia,3033.48
643,Lacey Baird,emily53@example.com,Lesotho,797.98
644,Nicholas Dillon,caleb36@example.org,Dominican Republic,3809.28
645,Allison Jackson,reynoldsnorma@example.org,El Salvador,790.86
646,Chad Sanchez,wallacelaura@example.com,Poland,171.25
647,Dillon Mcintosh,thomas57@example.net,Pitcairn Islands,1089.45
648,Tina Warren,vtucker@example.net,Belize,3846.2
649,Sarah Harris,bakerjulia@example.net,Cyprus,2086.08
650,Adrian Fox,halljennifer@example.net,Mauritania,2332.81
651,Tyler Miller,nicole55@example.org,Congo,1739.55
652,Garrett Rodriguez,kjensen@example.com,Timor-Leste,213.22
653,Sarah Thompson,paulsmith@example.com,Burundi,4087.19
654,Victoria Alvarez,eric76@example.org,Italy,1766.48
655,Mitchell Newton,alyssagrant@example.net,Lebanon,499.64
656,Darren Johnson,charles61@example.org,Tajikistan,3275.21
657,Jonathan Stone,georgehernandez@example.com,Costa Rica,3563.81
658,Frank Sherman,larry36@example.com,Cameroon,4324.97
659,Ruben Chavez,joseph26@example.org,Cote d'Ivoire,4290.77
660,Kerry Steele,asavage@example.com,Bhutan,4995.01
661,Emily King,susan89@example.org,Tuvalu,4595.66
662,Tyler Marshall,josephbradley@example.org,Cote d'Ivoire,2978.9
663,Joseph Harvey,olopez@example.org,Maldives,4295.83
664,Taylor Lee,stevensonchristy@example.net,Thailand,2301.63
665,Brooke Robinson,robertford@example.org,Bulgaria,2270.64
666,James Hatfield,joecruz@example.net,Iceland,4879.59
667,Jennifer Shields,yesenia00@example.net,Reunion,1948.45
668,Sherry Dyer,hdouglas@example.com,Saint Lucia,3019.08
669,Shelby Marquez,florescraig@example.com,Finland,3561.1
670,Alec Richard,hardyjerry@example.org,Libyan Arab Jamahiriya,2638.13
671,Robert Jones,gmitchell@example.org,Uganda,3386.75
672,Christopher Foster,anthonychambers@example.com,Senegal,294.13
673,Stefanie Nielsen,djohnson@example.net,Latvia,1644.42
674,Cody Brown,renee47@example.org,United Kingdom,2510.42
675,Barbara Butler,ericmartinez@example.org,Samoa,1496.58
676,Billy Mcdowell,xandrews@example.net,Egypt,427.67
677,Mrs. Michelle Moore,dennismiller@example.net,Slovenia,4839.73
678,Karina Garner,chenkevin@example.org,Dominica,4975.41
679,Natalie Jones,kim63@example.org,Maldives,1395.71
680,Rachel Quinn,rnelson@example.org,Barbados,3699.9
681,Lucas Medina,wilkinsonandrea@example.com,Ukraine,3693.92
682,Meghan Gomez,hstrong@example.org,Gabon,2707.64
683,Erin Osborne,aaronweaver@example.org,Benin,4209.59
684,Aaron Green,carrolldavid@example.com,Andorra,3417.75
685,Michael Brock,ingramlaura@example.net,Bolivia,1982.01
686,Sharon Franklin,lindseymeza@example.com,Zambia,1110.55
687,Dana Cook,brian07@example.net,Honduras,1520.5
688,Rebecca Chavez,jacob52@example.net,Falkland Islands (Malvinas),3888.49
689,Alex Hamilton,jonesomar@example.com,French Polynesia,3446.01
690,Allison Aguilar,leedarrell@example.org,Qatar,4435.93
691,Kelly Huff,xdavis@example.com,Singapore,1644.0
692,Christine Barnes,bmcmahon@example.net,Kyrgyz Republic,1970.26
693,Jacqueline Schwartz,valdezrachel@example.org,Tokelau,1831.26
694,Lauren Monroe,hernandezstephen@example.com,Montenegro,962.89
695,Kelly Cook,rtapia@example.org,Peru,2285.47
696,Eric Barnett,williamsryan@example.org,Mauritania,2425.39
697,Gerald Wright,emilysimmons@example.net,Niger,4508.06
698,Molly Hall,mary48@example.com,Netherlands,4193.92
699,Mrs. Amy Francis MD,vazquezderek@example.net,Aruba,4929.59
700,Julie Little,qhancock@example.net,Rwanda,4257.14
701,John Martinez,lgarcia@example.com,Central African Republic,242.61
702,Jeffrey Robinson,gregorycarolyn@example.org,Costa Rica,3995.71
703,Courtney Liu,vreynolds@example.net,Sudan,3792.81
704,Mrs. Melissa Chen,wilsonamy@example.org,Svalbard & Jan Mayen Islands,3188.01
705,Penny Franco,christophermartinez@example.net,Mali,3050.46
706,Ashley Lopez,alexis96@example.net,Tonga,4308.41
707,Judy Davis,brian29@example.org,Yemen,3134.95
708,Elizabeth Thomas,ucunningham@example.com,Bouvet Island (Bouvetoya),199.21
709,Kristopher Foley,anthony10@example.org,Brunei Darussalam,2760.94
710,James Molina,ismith@example.com,Egypt,3219.76
711,Christine Jackson,hmurphy@example.org,Canada,1017.51
712,Lisa Day,paulawright@example.net,Maldives,3129.95
713,Harold Cruz,vickiarnold@example.org,Libyan Arab Jamahiriya,1227.4
714,William Jones,jessica80@example.com,Madagascar,1656.59
715,Michael Taylor,hancockcheryl@example.net,Iran,1997.14
716,Kimberly Roberts,timothy99@example.org,Egypt,837.76
717,Joseph Armstrong,carlos67@example.com,Antigua and Barbuda,4041.33
718,Dawn Meyer,bradley46@example.com,Armenia,3374.4
719,Tiffany Medina,prichardson@example.net,Japan,4026.63
720,Tyler Holloway,mcdonaldmatthew@example.org,Nicaragua,4741.6
721,Amy Phelps,garciacharles@example.org,Portugal,1472.89
722,John Best,obrienkevin@example.net,China,3127.59
723,Darius Smith,olsonjanice@example.org,Romania,4957.03
724,Hannah Weaver,weaveralbert@example.net,Latvia,2406.42
725,Nancy Jackson,dustinmccarthy@example.com,Bermuda,3031.82
726,Evan Montgomery,dawn82@example.com,Israel,3129.59
727,Luis Rodriguez III,leslietaylor@example.com,Congo,3481.88
728,Timothy Walls,smithsarah@example.com,Lebanon,1335.72
729,Michelle Fernandez,darrell97@example.net,Bermuda,4107.91
730,Todd Holder,jamesallen@example.net,Liechtenstein,2655.35
731,Jonathan Foster,dominiquerivera@example.net,Montserrat,2755.29
732,Mark Smith,eflores@example.net,Madagascar,4989.66
733,Matthew Lopez Jr.,tylerbrad@example.com,Pakistan,3396.82
734,Donald Johnson,andrebolton@example.org,Ireland,3283.03
735,Megan Walker,kimberlyphillips@example.com,Vietnam,3102.83
736,Elizabeth Moore,stephanieshepherd@example.org,Heard Island and McDonald Islands,4811.08
737,Crystal Clark,patrickrandolph@example.net,Honduras,2782.27
738,John Evans,alexandra38@example.net,Guernsey,1997.2
739,Wesley Phillips,jserrano@example.org,Sierra Leone,1684.45
740,Glenda Davis,travis18@example.com,Iran,742.51
741,Ashley Williams,kristineramirez@example.org,Japan,4669.84
742,April Watson,gerald90@example.com,Spain,1448.91
743,Robin Williams,elizabethschneider@example.com,British Indian Ocean Territory (Chagos Archipelago),2863.61
744,Margaret Martinez,jenniferbuck@example.org,Hong Kong,3561.46
745,Nancy Hale,drakemichael@example.org,Heard Island and McDonald Islands,1213.03
746,Steven Joseph,brownnoah@example.org,Indonesia,2895.96
747,Debbie Barr,burgessjessica@example.net,Philippines,4943.54
748,Michael Moyer,davisaustin@example.com,Bahamas,1818.64
749,Rebecca Torres,hamiltonchristopher@example.net,United States of America,3159.8
750,Robert Williams,vtate@example.org,Romania,2043.81
751,Michelle Hopkins,swatts@example.org,Montenegro,3659.41
752,Sydney Cunningham,berryfrank@example.com,Brunei Darussalam,2785.86
753,Tina Brewer,carrie90@example.net,Tajikistan,1144.71
754,Dawn Fisher,gfleming@example.net,Guinea,4906.09
755,Dawn Kennedy,coxjessica@example.net,Zambia,3933.75
756,Amanda Case,emilypadilla@example.com,Montenegro,3854.24
757,Matthew Dixon,craigpalmer@example.com,Niue,4572.84
758,Christopher Allen,martinezblake@example.com,Andorra,1277.54
759,Hannah Contreras,angelabryant@example.org,Mongolia,4883.0
760,Jeanette Long,misty54@example.org,Jamaica,4452.44
761,Jamie Williams PhD,benjaminyoung@example.net,Marshall Islands,264.7
762,Kevin Ashley,jenniferrobertson@example.net,Luxembourg,3066.89
763,Eric Ayers,wagnerlisa@example.net,Bangladesh,2445.14
764,Theresa Morton,edavis@example.com,Bolivia,759.5
765,Richard Hernandez,lcross@example.com,Chad,1876.49
766,Maria Dominguez,watkinsvictoria@example.org,Guadeloupe,3989.29
767,Brian Matthews,leejoan@example.com,Antigua and Barbuda,4285.69
768,Lindsey King,rodney73@example.net,Morocco,3128.9
769,Wendy Anderson,joshua79@example.net,Norfolk Island,2556.08
770,Cody Garcia,sharonburton@example.org,Sri Lanka,1666.68
771,Jeffrey Nelson,kyle97@example.com,Costa Rica,2031.14
772,Rhonda Knox,mendozatara@example.com,Uruguay,1606.58
773,Christopher Boyd,smithnicholas@example.net,Holy See (Vatican City State),3054.64
774,Rebecca Torres,howelljenny@example.com,Turks and Caicos Islands,1744.44
775,Dorothy Barrera,rebeccatate@example.com,Vanuatu,1976.93
776,David Gutierrez,lisaanderson@example.com,Bahamas,1389.77
777,Benjamin Williams,cgolden@example.org,Bouvet Island (Bouvetoya),4746.0
778,Kevin Bailey,anthonysmith@example.net,Korea,129.02
779,Erika White,pamelamendoza@example.net,Nauru,3622.47
780,Kenneth Pineda,amysmith@example.org,Nauru,1080.93
781,Thomas Johnson,olsonkimberly@example.net,Fiji,1226.7
782,Michael Whitaker,lmontes@example.net,Indonesia,4074.88
783,Rebecca Mitchell,phillipsilva@example.net,Lebanon,2677.72
784,Joseph Anderson,cookronald@example.net,Cape Verde,3656.95
785,Rickey Torres,edward46@example.org,United Kingdom,479.47
786,Kevin Flowers,smallchristina@example.net,Somalia,4693.59
787,Richard Love,cpatel@example.com,Czech Republic,1660.54
788,Heidi Carrillo,jonathan44@example.org,Romania,4386.63
789,Larry Key,scott81@example.com,American Samoa,405.73
790,Tiffany Lopez,krystalrodriguez@example.net,Pakistan,4332.19
791,Mary Reynolds,jessicahodge@example.net,Mali,4714.77
792,Debbie Reed,jerry02@example.net,Greece,2821.76
793,Casey Glover,joseph99@example.org,Italy,3610.09
794,Jacob Thomas,gina52@example.com,Cameroon,1055.05
795,Whitney Lewis,shaffercourtney@example.net,Armenia,3161.45
796,Susan Diaz,patricia95@example.com,Estonia,155.62
797,Dr. Kurt Sanchez,jeffery59@example.org,Sao Tome and Principe,2192.7
798,Noah Carter,derek74@example.com,Bolivia,192.91
799,Brandon Summers,mramirez@example.com,Pakistan,2878.18
800,Jerome Lewis,myersandrew@example.org,Mayotte,1630.18
801,Amy Owens,frederick29@example.com,Korea,2417.72
802,Jacob Thomas,dzamora@example.com,Estonia,4797.1
803,Elizabeth Wright,rthomas@example.net,Mongolia,1149.24
804,Andrea Noble,michael98@example.net,Anguilla,2058.61
805,John Stewart DDS,thomastorres@example.net,United States Virgin Islands,2430.73
806,Brittany Compton,lisaburch@example.org,Panama,317.11
807,Sean Mack,tracy63@example.org,Uganda,4269.67
808,Jennifer Hull,sarah10@example.org,Pakistan,1110.12
809,Brian Rogers,zlam@example.net,Estonia,1342.38
810,John Knight,ameadows@example.net,Slovakia (Slovak Republic),4166.67
811,Timothy Wallace,janice06@example.net,Comoros,270.04
812,Luis Wang,harrisdouglas@example.com,France,4347.88
813,Donna Hicks,georgejohn@example.net,Sao Tome and Principe,3258.05
814,Jeremy Knight,tiffanywilson@example.com,Nauru,2841.07
815,Dylan Lee,gonzalezpaige@example.com,Guinea,1448.02
816,Joshua Strickland,djackson@example.net,Guam,1092.28
817,Henry Bruce,scottmitchell@example.com,Faroe Islands,4750.71
818,Kathy Leonard,laura51@example.org,Sweden,3087.03
819,Shane Fuller,richardmyers@example.org,Western Sahara,1288.9
820,Bruce Harris,uwalsh@example.org,Czech Republic,1177.25
821,Mike Hood,angelaroberts@example.com,Belize,3526.06
822,Jonathan Peters,janet05@example.net,Poland,2858.72
823,Andrea Rosales,william99@example.org,Bulgaria,1892.28
824,Mr. Christopher Howard,dking@example.org,Saint Lucia,117.26
825,Jeremy Johnson,woodkelly@example.net,Andorra,2985.38
826,Donna Esparza,tiffany11@example.net,Israel,3421.1
827,Jessica Alexander,timothy73@example.com,Morocco,969.34
828,Marco Dawson,simonjanice@example.org,Singapore,2237.23
829,Curtis Harrison,shermansarah@example.org,Germany,1639.25
830,Rodney Hansen,katherine02@example.com,Marshall Islands,3628.88
831,Dr. Robert Lowe,raymond53@example.org,Malawi,3673.84
832,Christina Gay,stephenthomas@example.com,France,4107.95
833,Timothy Pratt,osborneangela@example.org,Martinique,2747.59
834,James Maxwell,sweeneyjessica@example.com,Egypt,1653.61
835,Jeremy Mcfarland,daltondaniel@example.com,Senegal,1660.5
836,Timothy Butler,schaefergregory@example.com,Venezuela,3508.93
837,Suzanne Reynolds,ngarcia@example.net,Serbia,1362.42
838,Alexander Daniel,kimstewart@example.net,Togo,1013.65
839,Makayla Wong,robertanderson@example.net,Denmark,1576.92
840,Jessica Brown,nbarber@example.net,Canada,3419.42
841,John Allen,morganjonathan@example.org,Aruba,1754.24
842,Stephanie Brown,sextonbrenda@example.com,Slovenia,1111.93
843,Tommy Nguyen MD,patricia25@example.com,Norfolk Island,3801.63
844,Bradley Le,darren96@example.org,Myanmar,146.65
845,Kenneth Boyd,uwilkerson@example.com,Egypt,3401.18
846,Howard Jenkins,zscott@example.org,French Southern Territories,3270.83
847,Joanna Benson,meyererin@example.org,Greenland,1289.01
848,Julie Mckee,craigsnyder@example.org,Northern Mariana Islands,4012.76
849,Jason Jones,dstuart@example.com,Iraq,4928.51
850,Vanessa Barr,mathew77@example.com,United Kingdom,4154.06
851,Jacob Johnson,hartmancynthia@example.com,Seychelles,1657.71
852,Connie Moore,maria72@example.net,Antarctica (the territory South of 60 deg S),4364.01
853,Ashlee Phillips,roycoleman@example.net,Congo,566.75
854,Nicholas Simmons,keithmartinez@example.org,Mayotte,3416.09
855,Jillian Hanson,david10@example.net,Venezuela,1896.65
856,Scott Maxwell,mark79@example.net,Macao,4963.73
857,Derek Jensen,jordanberg@example.org,Bosnia and Herzegovina,3013.92
858,Anne Oconnell DVM,jenny84@example.com,Niger,221.91
859,Stephanie Walker,lsullivan@example.net,Jordan,1301.24
860,David Johnson,cassandra12@example.org,Haiti,980.62
861,Leslie Tate,cunninghamheather@example.com,Gambia,2163.51
862,Eileen Rivera,christieavila@example.net,Niger,3513.58
863,Monique Brewer,kellyfrancisco@example.net,Latvia,554.16
864,Michelle Hoffman,gregorycline@example.org,Serbia,4437.17
865,Antonio Rivera,juanpatton@example.net,Mongolia,4276.76
866,Bradley Howard,troy90@example.net,Moldova,177.06
867,George Jimenez,johnsnow@example.net,Poland,4182.27
868,Cindy Perez,sullivansarah@example.com,Thailand,3442.61
869,Catherine Smith,thenderson@example.net,Bhutan,1359.61
870,Aaron Stanley,curtis67@example.com,Greenland,2365.52
871,Robert Johnson,ochase@example.net,Belarus,2847.52
872,Brianna Sanchez,aaron55@example.net,Christmas Island,4033.14
873,Aaron Carter,haynesnathan@example.com,Malta,2867.69
874,Michael Solis,christina42@example.net,Israel,4565.74
875,Pam Lambert,jennifer03@example.org,North Macedonia,2271.74
876,Annette Rhodes,dianewright@example.com,Gambia,937.13
877,Tami Smith,jeffrey97@example.org,Latvia,1781.61
878,Alison Ortiz,ucarter@example.net,New Zealand,4291.26
879,Jesse Sanders,danflynn@example.net,Qatar,470.56
880,Stephanie Lawson,parkconnie@example.com,Brazil,690.41
881,April Bailey,roberthoward@example.com,United States Minor Outlying Islands,321.64
882,David Mitchell,kellyjames@example.org,Haiti,4745.19
883,William Jones,james45@example.org,Brazil,1930.52
884,Matthew Higgins,yrichards@example.org,Senegal,502.07
885,Gerald Thompson,wadejoshua@example.org,Belarus,2803.04
886,Stephanie Phillips,hbecker@example.org,Sierra Leone,1773.62
887,Christine Miller,traviscrawford@example.org,Chad,3864.13
888,James Mendoza,fgardner@example.net,Guernsey,348.6
889,Kelly Becker,thomastownsend@example.org,Kenya,1102.45
890,Robert Cochran,courtney89@example.com,British Indian Ocean Territory (Chagos Archipelago),4089.52
891,Melissa Walters,rosetracy@example.org,Colombia,294.65
892,Melissa Bell,jasonmartinez@example.com,Poland,4197.08
893,Jessica Anderson,stephanie49@example.net,Bouvet Island (Bouvetoya),1902.08
894,Carolyn Parker,troy34@example.org,Bosnia and Herzegovina,3732.38
895,Tracey Perez,matthewchavez@example.com,Saudi Arabia,1557.73
896,Jonathan Pena,rosarioelizabeth@example.org,Libyan Arab Jamahiriya,4767.47
897,James Young,tthompson@example.com,Brazil,3717.76
898,Daniel Curtis,cbryan@example.net,Turks and Caicos Islands,267.48
899,Karen Lewis,brittanygarcia@example.org,Qatar,2025.17
900,Nicholas Harris,thomasallison@example.org,Burkina Faso,1856.49
901,Teresa Ross,johnnyhaley@example.org,United Kingdom,3274.82
902,Judith Alvarado,schroederandrew@example.com,Benin,3426.84
903,Lauren Knapp,lauren58@example.com,Austria,2443.04
904,Kyle Robles,desiree41@example.org,Malta,3462.68
905,Deborah Stein,valerie15@example.com,Nicaragua,289.36
906,Roger Bailey,mccormicksue@example.net,Senegal,4044.52
907,Julia Brown DVM,vpace@example.net,Palau,205.64
908,Bryan Wright,scott50@example.net,Iran,2457.19
909,Kara Salazar,dromero@example.net,Mauritania,361.41
910,Michael Miller,reillybrandon@example.org,Malawi,865.45
911,Sergio Powell,tracy91@example.org,Nepal,3272.33
912,Matthew Wilson,shernandez@example.com,Saint Vincent and the Grenadines,2625.27
913,Edward Henderson,james73@example.net,Norway,4263.2
914,Monica Morris,ashleyharper@example.org,Norway,1779.78
915,Diane Wheeler,andersondalton@example.org,Singapore,1852.43
916,Mr. Mark Swanson,lori42@example.org,Gambia,3516.07
917,John Kennedy,randybrooks@example.net,Saudi Arabia,1546.6
918,Ronnie Bender,jeffery18@example.net,Belarus,1773.23
919,Mrs. Courtney Mcgee,mschneider@example.org,Cayman Islands,2758.9
920,Jennifer Love,riley56@example.net,Sri Lanka,424.21
921,Natasha Rowland,laura12@example.com,Mauritania,3490.04
922,Nicole Sutton,catherineholmes@example.org,Congo,3846.14
923,Brandon Russo,lisa25@example.com,Austria,1059.68
924,Jake Nicholson,thorntonstephanie@example.net,United States Minor Outlying Islands,1845.19
925,Diane Baker,morganbradley@example.com,Uzbekistan,1067.58
926,Taylor Allen,denise67@example.net,Samoa,3698.96
927,Deborah Alexander,reevespeter@example.org,Dominica,4889.41
928,Kari Schmidt,mark84@example.org,Ecuador,1657.34
929,Andrew Moore,luispatton@example.net,Ghana,2929.16
930,Edwin Sellers,eileenberg@example.org,Bangladesh,2536.34
931,Carolyn Dunn,acarr@example.net,American Samoa,4836.51
932,Carol Ferguson,adrianapatel@example.net,Congo,2881.87
933,James Moore,russellkimberly@example.org,Monaco,2061.47
934,Rhonda Gonzalez,htorres@example.org,Oman,3931.58
935,Dustin Diaz,uburns@example.net,Poland,2249.19
936,Tina Sanford,hannah70@example.org,South Africa,109.65
937,Misty Roberson,shelleycole@example.com,Sao Tome and Principe,4190.85
938,Robert King,melissa31@example.org,United States Minor Outlying Islands,4400.59
939,Timothy Brady,carolyn37@example.net,Ethiopia,1138.92
940,Jonathan Hernandez,michelepope@example.org,Christmas Island,3494.8
941,Benjamin Smith,amyjames@example.net,Nepal,4615.62
942,Philip Young,matthewromero@example.org,Lao People's Democratic Republic,3868.55
943,Kristie Davidson,millerstephanie@example.org,Martinique,1659.52
944,Christina Robertson,amanda81@example.net,Afghanistan,920.64
945,Tina Cooper,krogers@example.net,Mayotte,3172.29
946,Monica Estes,harperamy@example.com,Tonga,3179.54
947,Shane Simpson,ffrazier@example.com,Libyan Arab Jamahiriya,821.61
948,Karen Herman,ffitzgerald@example.com,Cocos (Keeling) Islands,1742.0
949,Christopher Williams,jessicanelson@example.org,Gambia,1946.18
950,Michelle Clark,todd58@example.com,Luxembourg,2657.37
951,Robert Owen,josephhawkins@example.net,Sweden,4499.54
952,Jason Brown,michelle39@example.net,Mozambique,1014.58
953,Shawn Turner,angelfrey@example.net,Belize,1305.82
954,Paul Gonzales,perrysteven@example.com,Christmas Island,3207.31
955,Joel Bernard,sthompson@example.net,Kuwait,193.15
956,Dr. Christopher Mccullough,linda59@example.net,Lebanon,2734.99
957,Tina Medina,tmiller@example.com,Grenada,1547.67
958,Kristen Matthews,kingmichael@example.net,Djibouti,904.38
959,David Waters,icox@example.com,Equatorial Guinea,1939.46
960,Lisa Greene,qmurphy@example.org,Saint Barthelemy,4805.56
961,Jack Ellison,andersonkelly@example.org,Afghanistan,3348.88
962,Jason Miller,derekhenderson@example.org,Norway,3981.2
963,Troy Simmons,gina80@example.org,Brazil,2146.44
964,Stephanie Ruiz,christinavaldez@example.org,Kenya,217.66
965,Kevin Salas,nprice@example.net,French Southern Territories,1500.62
966,Michael Blanchard,rogermaxwell@example.net,Niue,992.35
967,Nicole Miller,jeffrey27@example.net,Cote d'Ivoire,1867.13
968,Jerry Davis,kelly28@example.net,Slovenia,670.28
969,Kelly Munoz,jonesdonna@example.net,Argentina,2308.62
970,Robin Donovan,crystalaguilar@example.org,Nauru,4676.08
971,Brian Frazier,evansmatthew@example.net,United States Virgin Islands,2816.8
972,Sean Herring,nicolelane@example.com,Saint Helena,1895.13
973,Tami House,ubanks@example.org,Malta,1980.16
974,Charles Bowers,perezjorge@example.com,Uganda,3197.71
975,Vincent Bailey,paulhuynh@example.org,Ireland,4463.13
976,Gina Schmidt,tiffanywilcox@example.com,Mauritania,286.75
977,Stacey Sullivan,mthompson@example.net,Bulgaria,3580.29
978,Timothy Trujillo,victoriaortega@example.net,Argentina,4240.21
979,Cody Jones,kimberlychoi@example.org,Zambia,2474.99
980,Heather Howard,lmiller@example.com,Macao,3780.33
981,Erika Melendez,yangjohn@example.org,Isle of Man,4211.32
982,Jennifer Nelson,sean38@example.com,Saint Vincent and the Grenadines,3105.44
983,Jonathan Jones,daryl39@example.org,French Polynesia,1958.32
984,Heather Riley,lewiselizabeth@example.org,Greenland,963.16
985,Brandon Torres,ricerichard@example.com,Armenia,4235.42
986,Elizabeth Campbell,barbara10@example.org,Puerto Rico,1653.31
987,John Hernandez,brentblack@example.org,Antarctica (the territory South of 60 deg S),3893.25
988,Joseph Wagner,catherinemitchell@example.net,Togo,2350.84
989,Stacy Oliver,jennifer96@example.com,Malta,2649.83
990,Katie Jones,torrescynthia@example.org,Vanuatu,1582.44
991,Amanda Zimmerman,boydkaylee@example.net,Puerto Rico,334.49
992,Latoya Johnson,wruiz@example.com,Barbados,4573.03
993,Zachary Taylor,rojasmonique@example.net,American Samoa,4552.91
994,Brian Garza,sanchezdiana@example.org,Canada,4594.67
995,Corey Roberts,abigail47@example.net,Malaysia,2507.49
996,Richard Martinez,leslie43@example.com,Portugal,4577.14
997,Kelly Lynch,wmcgee@example.com,New Zealand,3978.6
998,Paul Lopez,mathisaaron@example.org,Tonga,1358.45
999,Gregory Mclaughlin,castroblake@example.com,Lithuania,4595.27
1000,Nathan Leonard,bryanfarmer@example.org,Kazakhstan,2933.91
